id,asylumTag,asylumnm,asylumtel,asylumaddr,asylumprediction
1,AAAAG,新北市政府動物保護防疫處,02-29596353,新北市板橋區四川路一段157巷2號,新北市政府動物保護防疫處將於 11 天後爆滿。
2,AAACG,新北市新店區公立動物之家,02-22159462,新北市新店區安泰路235號,新北市新店區公立動物之家已爆滿。
3,AAADG,新北市板橋區公立動物之家,02-89662158,新北市板橋區板城路28-1號,新北市板橋區公立動物之家將於 68 天後爆滿。
4,AAAEG,新北市中和區公立動物之家,02-86685547,新北市中和區興南路三段100號,新北市中和區公立動物之家將於 127 天後爆滿。
5,AAAFG,新北市淡水區公立動物之家,02-26267558,新北市淡水區下圭柔山91之3號,新北市淡水區公立動物之家將於 16 天後爆滿。
6,AAAGG,新北市瑞芳區公立動物之家,02-24063481,新北市瑞芳區靜安路四段(106縣道74.5K清潔隊場區內),新北市瑞芳區公立動物之家將於 17 天後爆滿。
7,AAAHG,新北市五股區公立動物之家,02-82925265,新北市五股區外寮路9-9號,新北市五股區公立動物之家將於 42 天後爆滿。
8,AAAIG,新北市八里區公立動物之家,02-26194428,新北市八里區長坑里6鄰長坑道路36號,新北市八里區公立動物之家將於 22 天後爆滿。
9,AAAJG,新北市三芝區公立動物之家,02-26365436,新北市三芝區青山路(龍巖人本旁),新北市三芝區公立動物之家將於 28 天後爆滿。
10,BAAAG,宜蘭縣流浪動物中途之家,039602350 #620,宜蘭縣五結鄉成興村利寶路60號,宜蘭縣流浪動物中途之家已爆滿。
11,CAAAG,桃園市動物保護教育園區,03-4861760,桃園市新屋區永興里3鄰藻礁路1668號,桃園市動物保護教育園區將於 129 天後爆滿。
12,DAAAG,新竹縣公立動物收容所,03-5519548,新竹縣竹北市縣政五街192號,新竹縣公立動物收容所已爆滿。
13,EAAAG,苗栗縣生態保育教育中心(動物收容所),037-558228,苗栗縣銅鑼鄉朝陽村6鄰朝北55-1號,苗栗縣生態保育教育中心(動物收容所)已爆滿。
14,FAAAG,臺中市動物之家南屯園區,04-23850976,臺中市南屯區中台路601號,臺中市動物之家南屯園區將於 241 天後爆滿。
15,GAAAG,彰化縣流浪狗中途之家,04-8590638,彰化縣員林市大峯里阿寶巷426號(大門入口請由彰化縣芬園鄉大彰路一段875巷進入走到底),彰化縣流浪狗中途之家已爆滿。
16,HAAAG,南投縣公立動物收容所,049-2225440,南投縣南投市嶺興路36-1號,南投縣公立動物收容所已爆滿。
17,IAAAG,雲林縣流浪動物收容所,,,雲林縣流浪動物收容所已爆滿。
18,JAAAG,嘉義縣流浪犬中途之家,05-2950053,嘉義縣大林鎮中坑里中興2-6號,嘉義縣流浪犬中途之家將於 48 天後爆滿。
19,LAAAG,高雄市壽山動物保護教育園區,07-5519059,高雄市鼓山區萬壽路350號,高雄市壽山動物保護教育園區已爆滿。
20,LAABG,高雄市燕巢動物保護關愛園區,07-6051002,高雄市燕巢區師大路98號,高雄市燕巢動物保護關愛園區已爆滿。
21,MAAAG,屏東縣公立犬貓中途之家,0905-981-077,屏東縣內埔鄉學府路1號(屏東科技大學內),屏東縣公立犬貓中途之家將於 9 天後爆滿。
22,NAAAG,臺東縣動物收容中心,089-362011,臺東縣臺東市中華路4段999巷600號,臺東縣動物收容中心將於 52 天後爆滿。
23,OAAAG,花蓮縣流浪犬中途之家,038-421452,花蓮縣吉安鄉南濱路1段599號,花蓮縣流浪犬中途之家已爆滿。
24,PAAAG,澎湖縣流浪動物收容中心,06-9213559,澎湖縣馬公市烏崁里260號,澎湖縣流浪動物收容中心已爆滿。
25,QAAAG,基隆市寵物銀行,02-24560148,基隆市七堵區大華三路45-12號(欣欣安樂園旁),基隆市寵物銀行將於 47 天後爆滿。
26,RAAAG,新竹市動物保護教育園區,03-5368329,新竹市南寮里海濱路250號,新竹市動物保護教育園區將於 45 天後爆滿。
27,TAAAG,嘉義市動物保護教育園區,05-2168661,嘉義市彌陀路31號旁,嘉義市動物保護教育園區將於 47 天後爆滿。
28,UAAAG,臺南市動物之家灣裡站,06-2964439,臺南市南區省躬里14鄰萬年路580巷92號,臺南市動物之家灣裡站將於 68 天後爆滿。
29,UAABG,臺南市動物之家善化站,06-5832399,臺南市善化區東昌里東勢寮1~19號,臺南市動物之家善化站已爆滿。
30,VAAAG,臺北市動物之家,02-87913254,臺北市內湖區潭美街852號,臺北市動物之家將於 117 天後爆滿。
31,XAAAG,連江縣流浪犬收容中心,0836-25003,連江縣南竿鄉復興村(近機場),連江縣流浪犬收容中心將於 47 天後爆滿。
32,YAAAG,金門縣動物收容中心,082-336625,金門縣金湖鎮裕民農莊20號,金門縣動物收容中心將於 83 天後爆滿。
